序号,经度【百度】,纬度【百度】,是否精确,可信度,地址类型,坐标系,错误
1,113.3274652,23.32495978,,80,工业园区,bd09,
2,113.2914775,23.44901134,,40,道路,bd09,
3,104.2002767,30.54618771,1,80,道路,bd09,
4,117.420079,39.16042451,,50,UNKNOWN,bd09,
5,122.0035604,41.24826368,,12,区县,bd09,
6,120.3703965,31.55485024,,16,区县,bd09,
7,118.9575303,31.88545951,,80,道路,bd09,
8,120.5578671,28.08850821,,40,道路,bd09,
9,118.4879967,31.3917683,,30,道路,bd09,
10,117.118381,36.87449556,,80,UNKNOWN,bd09,
11,114.4607522,38.08363183,,25,道路,bd09,
12,113.8556489,34.09830598,,40,UNKNOWN,bd09,
13,118.5102117,24.85539191,,50,UNKNOWN,bd09,
14,120.5432468,31.4015094,,50,道路,bd09,
15,118.4735789,24.7750467,,30,道路,bd09,
16,102.8524484,24.87399815,,10,城市,bd09,
17,114.031832,30.67202057,,75,交叉路口,bd09,
18,112.9506064,22.87278509,,40,道路,bd09,
19,113.335106,28.26178851,,18,乡镇,bd09,
20,115.9621442,28.86706604,,18,乡镇,bd09,
21,120.1471719,30.51613125,,18,乡镇,bd09,
22,106.64953,29.75764638,,25,道路,bd09,
23,113.7457285,34.76004559,,40,道路,bd09,
24,119.8417907,29.21223849,,50,道路,bd09,
25,116.5946969,39.86902216,1,80,村庄,bd09,
26,113.9244399,30.67304043,,25,乡镇,bd09,
27,116.8927571,40.15953363,1,80,道路,bd09,
28,117.4122983,31.84916638,,60,生活服务,bd09,
29,117.3356452,32.97747925,,50,道路,bd09,
30,121.8505762,29.90465936,,16,区县,bd09,
31,113.9225101,30.93068923,,12,城市,bd09,
32,120.8300339,31.32165946,,40,工业园区,bd09,
33,118.5584305,24.78782458,,16,区县,bd09,
34,113.9336005,35.30963993,,12,城市,bd09,
35,116.6634154,39.91601712,,14,区县,bd09,
36,114.0511961,22.71050657,,25,乡镇,bd09,
37,103.5342402,31.04615309,1,80,地产小区,bd09,
38,115.5800637,38.87742791,,40,道路,bd09,
39,114.067849,30.64441307,,18,道路,bd09,
40,112.0983606,32.0710576,,30,道路,bd09,
41,121.6421233,31.23022271,,20,道路,bd09,
42,121.6421233,31.23022271,,20,道路,bd09,
43,120.4031414,30.21642264,,30,道路,bd09,
44,119.8492914,29.2228806,,25,乡镇,bd09,
45,121.3517086,28.68281015,,25,乡镇,bd09,
46,113.086835,28.24327009,1,80,UNKNOWN,bd09,
47,117.7266953,39.06883437,,80,UNKNOWN,bd09,
48,121.497433,31.26535702,,50,道路,bd09,
49,111.6462209,40.77225067,1,80,工业园区,bd09,
50,116.5381084,39.79133129,1,80,工业园区,bd09,
51,116.7176143,39.52861145,,16,区县,bd09,
52,126.6234316,45.76184448,,16,区县,bd09,
53,125.4301527,43.78891665,,40,工业园区,bd09,
54,123.465461,41.80227414,,18,区县,bd09,
55,123.4316208,41.82604212,,18,区县,bd09,
56,112.5911604,37.77581521,,30,道路,bd09,
57,115.8522014,28.71066217,,30,道路,bd09,
58,115.5754785,28.84862249,,30,道路,bd09,
59,114.9643914,25.83016714,,40,道路,bd09,
60,105.7804857,29.48697682,,50,道路,bd09,
61,105.7804857,29.48697682,,50,道路,bd09,
62,119.0214837,33.6162953,,12,城市,bd09,
63,117.2348989,34.25145428,,25,道路,bd09,
64,120.8244524,32.03734512,,16,区县,bd09,
65,120.8273485,31.35477079,,40,道路,bd09,
66,119.0947377,33.60135809,,25,道路,bd09,
67,120.8244524,32.03734512,,16,区县,bd09,
68,117.2534571,34.30330167,1,80,工业园区,bd09,
69,120.3703965,31.55485024,,16,区县,bd09,
70,118.8527483,31.96618749,,40,道路,bd09,
71,118.887717,32.10286228,1,80,UNKNOWN,bd09,
72,120.5628809,31.3507957,,30,道路,bd09,
73,103.8611718,36.0413272,,40,道路,bd09,
74,108.9883004,34.39829834,,30,商圈,bd09,
75,108.3050561,22.87832357,,30,道路,bd09,
76,108.3050561,22.87832357,,30,道路,bd09,
77,116.1163634,39.94131516,,80,购物,bd09,
78,106.7205276,26.57433618,,16,区县,bd09,
79,118.1034349,24.58201906,,16,区县,bd09,
80,102.7504817,25.02119642,,16,区县,bd09,
81,113.0865622,22.58364759,,40,道路,bd09,
82,113.9038618,22.92850459,,25,旅游景点,bd09,
83,113.2794331,23.16431683,,16,区县,bd09,
84,116.8070349,39.6659064,,18,乡镇,bd09,
85,116.6315758,40.16702886,1,80,道路,bd09,
86,116.6214416,40.18408447,1,80,工业园区,bd09,
87,117.1414027,39.23034391,,16,区县,bd09,
88,114.6944008,38.04415152,,50,工业园区,bd09,
89,115.6624795,39.02471258,,16,区县,bd09,
90,116.6864644,39.60123498,1,80,道路,bd09,
91,117.2212776,36.79598985,,75,交叉路口,bd09,
92,117.3343166,36.68991911,,50,UNKNOWN,bd09,
93,120.2945728,36.37011947,1,80,道路,bd09,
94,119.230989,36.67240393,1,80,工业园区,bd09,
95,112.3645576,37.61306684,,16,区县,bd09,
96,123.3286116,41.6366677,,30,道路,bd09,
97,121.5585941,39.00784525,1,80,道路,bd09,
98,120.9995398,37.66201683,,75,交叉路口,bd09,
99,120.4545611,31.48798992,,25,乡镇,bd09,
100,120.5730236,29.92509813,,30,村庄,bd09,
101,120.8407295,27.87788088,,25,道路,bd09,
102,118.7991923,31.77231036,1,80,道路,bd09,
103,120.5339608,30.18588539,,30,道路,bd09,
104,119.1162805,33.60802845,1,80,道路,bd09,
105,120.0790831,30.87592772,,50,道路,bd09,
106,120.8494928,31.61991943,1,80,道路,bd09,
107,119.8362718,31.71044049,1,80,道路,bd09,
108,120.452132,30.21008912,1,75,工业园区,bd09,
109,120.5195683,30.23979085,1,80,UNKNOWN,bd09,
110,121.534234,31.06646012,1,80,道路,bd09,
111,117.2184236,31.71905444,1,80,道路,bd09,
112,118.9207727,31.94579935,1,80,道路,bd09,
113,118.9575303,31.88545951,,80,道路,bd09,
114,120.8508155,31.61873105,1,80,道路,bd09,
115,120.2763013,30.19736527,1,80,工业园区,bd09,
116,121.2712781,31.19204377,1,80,道路,bd09,
117,120.5195683,30.23979085,1,80,UNKNOWN,bd09,
118,121.0589167,31.98316464,,30,村庄,bd09,
119,121.5288395,29.80212746,,60,道路,bd09,
120,120.5846027,31.73340248,,30,村庄,bd09,
121,120.2648901,30.46303905,,30,道路,bd09,
122,121.0912346,30.94862753,1,80,道路,bd09,
123,121.449408,28.67925822,,14,区县,bd09,
124,121.4356006,31.07506457,1,80,道路,bd09,
125,116.5454384,31.75628772,,14,区县,bd09,
126,113.5423839,23.1372546,1,80,道路,bd09,
127,113.5418984,23.14208111,1,80,道路,bd09,
128,113.364626,23.47357802,,50,道路,bd09,
129,114.0314658,22.74503269,,60,工业园区,bd09,
130,114.0314658,22.74503269,,60,工业园区,bd09,
131,113.8365114,22.69105986,1,80,工业园区,bd09,
132,113.8362185,22.63696915,1,80,道路,bd09,
133,113.6144193,22.86418315,,50,道路,bd09,
134,113.9858196,23.10411173,,25,道路,bd09,
135,113.9858196,23.10411173,,25,道路,bd09,
136,113.7230203,22.96851102,1,80,工业园区,bd09,
137,113.8597032,23.04119655,,50,道路,bd09,
138,113.8092535,22.93235936,,50,道路,bd09,
139,113.2249205,23.00846789,,60,UNKNOWN,bd09,
140,113.4544186,22.67958479,1,70,工业园区,bd09,
141,114.3608182,23.03017048,,40,工业园区,bd09,
142,118.0316009,24.60443581,1,80,地产小区,bd09,
143,118.5783239,24.88830903,,30,村庄,bd09,
144,119.0928385,25.37405355,,30,村庄,bd09,
145,108.3110054,22.77171204,1,80,道路,bd09,
146,115.884859,28.80705301,,50,道路,bd09,
147,114.4615828,22.98219038,1,80,UNKNOWN,bd09,
148,119.2015901,26.13424654,,30,村庄,bd09,
149,114.1056647,30.62728294,,50,道路,bd09,
150,114.031832,30.67202057,,75,交叉路口,bd09,
151,114.0200624,30.57021331,,30,村庄,bd09,
152,103.9802815,30.56494897,1,80,道路,bd09,
153,106.6326989,29.74659202,1,80,工业园区,bd09,
154,113.3045019,34.82062305,,30,道路,bd09,
155,112.9454732,28.2348894,,12,城市,bd09,
156,108.9464656,34.34726882,,12,城市,bd09,
157,106.9461561,26.54341683,,16,乡镇,bd09,
158,87.43450671,43.88265302,,16,区县,bd09,
159,102.7504817,25.02119642,,16,区县,bd09,
160,104.0056189,35.95928026,,18,乡镇,bd09,
161,121.6888336,30.99080981,1,80,道路,bd09,
162,121.2644159,31.20597979,1,80,道路,bd09,
163,121.2200338,31.22659225,,75,道路,bd09,
164,120.4661301,30.25086727,,80,商务大厦,bd09,
165,120.2009695,30.32563319,1,80,道路,bd09,
166,119.8795966,29.21454665,,30,道路,bd09,
167,120.8194676,27.93865224,,16,区县,bd09,
168,119.8920244,32.30726899,,30,道路,bd09,
169,120.8480452,32.0796863,1,80,道路,bd09,
170,120.9839494,32.08339588,,30,村庄,bd09,
171,119.19093,33.42987812,,60,UNKNOWN,bd09,
172,117.4754006,31.89389035,,14,区县,bd09,
173,118.4818875,31.3835671,1,80,UNKNOWN,bd09,
174,115.9717257,28.82131561,,30,村庄,bd09,
175,117.3535484,39.12917124,,50,道路,bd09,
176,113.9119002,34.70497157,,80,道路,bd09,
177,114.2714473,30.80548153,,50,工业园区,bd09,
178,103.975503,30.56091482,1,80,道路,bd09,
179,125.4770788,43.86928764,,25,乡镇,bd09,
180,122.0035604,41.24826368,,12,区县,bd09,
181,108.7216054,34.46442077,,25,乡镇,bd09,
182,117.2041039,36.79600191,,50,道路,bd09,
183,113.6214196,22.85899865,,50,道路,bd09,
184,113.2929787,23.457211,1,80,道路,bd09,
185,120.0079137,35.85449303,,30,道路,bd09,
186,113.3260252,23.44201143,1,80,道路,bd09,
187,113.9323021,34.73049284,,40,道路,bd09,
188,113.9904135,33.57842326,,16,区县,bd09,
189,120.3764683,30.29934412,,75,UNKNOWN,bd09,
190,126.0682267,44.99397528,1,80,工业园区,bd09,
191,113.7531993,34.87692631,1,80,生活服务,bd09,
192,117.0146426,40.06125243,,40,UNKNOWN,bd09,
193,114.0398279,30.65270478,,16,道路,bd09,
194,113.4346343,23.14077887,1,80,道路,bd09,
195,121.8505762,29.90465936,,16,区县,bd09,
196,113.9225101,30.93068923,,12,城市,bd09,
197,120.8300339,31.32165946,,40,工业园区,bd09,
198,118.5584305,24.78782458,,16,区县,bd09,
199,113.9336005,35.30963993,,12,城市,bd09,
200,116.6634154,39.91601712,,14,区县,bd09,
201,114.0511961,22.71050657,,25,乡镇,bd09,
202,103.5342402,31.04615309,1,80,地产小区,bd09,
203,115.5800637,38.87742791,,40,道路,bd09,
204,114.067849,30.64441307,,18,道路,bd09,
205,112.0983606,32.0710576,,30,道路,bd09,
206,121.6421233,31.23022271,,20,道路,bd09,
207,121.6421233,31.23022271,,20,道路,bd09,
208,120.4031414,30.21642264,,30,道路,bd09,
209,119.8492914,29.2228806,,25,乡镇,bd09,
210,121.3517086,28.68281015,,25,乡镇,bd09,
211,113.086835,28.24327009,1,80,UNKNOWN,bd09,
212,117.7266953,39.06883437,,80,UNKNOWN,bd09,
213,121.497433,31.26535702,,50,道路,bd09,
214,111.6462209,40.77225067,1,80,工业园区,bd09,
215,116.5381084,39.79133129,1,80,工业园区,bd09,
216,116.7176143,39.52861145,,16,区县,bd09,
217,126.6234316,45.76184448,,16,区县,bd09,
218,125.4301527,43.78891665,,40,工业园区,bd09,
219,123.465461,41.80227414,,18,区县,bd09,
220,123.4316208,41.82604212,,18,区县,bd09,
221,112.5911604,37.77581521,,30,道路,bd09,
222,115.8522014,28.71066217,,30,道路,bd09,
223,115.5754785,28.84862249,,30,道路,bd09,
224,114.9643914,25.83016714,,40,道路,bd09,
225,105.7804857,29.48697682,,50,道路,bd09,
226,105.7804857,29.48697682,,50,道路,bd09,
227,119.0214837,33.6162953,,12,城市,bd09,
228,117.2348989,34.25145428,,25,道路,bd09,
229,120.8244524,32.03734512,,16,区县,bd09,
230,120.8273485,31.35477079,,40,道路,bd09,
231,119.0947377,33.60135809,,25,道路,bd09,
232,120.8244524,32.03734512,,16,区县,bd09,
233,117.2534571,34.30330167,1,80,工业园区,bd09,
234,120.3703965,31.55485024,,16,区县,bd09,
235,118.8527483,31.96618749,,40,道路,bd09,
236,118.887717,32.10286228,1,80,UNKNOWN,bd09,
237,120.5628809,31.3507957,,30,道路,bd09,
238,103.8611718,36.0413272,,40,道路,bd09,
239,108.9883004,34.39829834,,30,商圈,bd09,
240,108.3050561,22.87832357,,30,道路,bd09,
241,108.3050561,22.87832357,,30,道路,bd09,
242,116.1163634,39.94131516,,80,购物,bd09,
243,106.7205276,26.57433618,,16,区县,bd09,
244,118.1034349,24.58201906,,16,区县,bd09,
245,102.7504817,25.02119642,,16,区县,bd09,
246,113.0865622,22.58364759,,40,道路,bd09,
247,113.9038618,22.92850459,,25,旅游景点,bd09,
248,113.2794331,23.16431683,,16,区县,bd09,
249,113.9773648,22.84426879,,40,道路,bd09,
250,121.6356471,31.33786135,1,80,道路,bd09,
251,121.5533881,30.13430228,,30,道路,bd09,
252,106.4462331,29.50215423,,40,村庄,bd09,
253,101.5134157,29.0064319,,12,区县,bd09,
254,113.979559,22.3964529,1,80,道路,bd09,
255,110.2783809,40.6782994,,16,区县,bd09,
256,126.6894147,45.61860611,1,80,道路,bd09,
257,111.6535431,40.86156478,1,80,UNKNOWN,bd09,
258,117.2137351,36.77647159,,25,道路,bd09,
259,118.4994605,36.76253468,,30,道路,bd09,
260,116.788369,39.51587279,,18,地产小区,bd09,
261,114.6965611,38.01115539,,30,村庄,bd09,
262,112.6446184,37.69921193,1,80,UNKNOWN,bd09,
263,117.1414027,39.23034391,,16,区县,bd09,
264,117.33078,39.29771459,,18,乡镇,bd09,
265,121.2067538,37.55920345,1,80,工业园区,bd09,
266,120.2960921,36.36899777,,50,生活服务,bd09,
267,125.4829857,44.11724058,1,80,UNKNOWN,bd09,
268,116.575911,40.07402989,1,80,道路,bd09,
269,123.566278,41.74343089,1,80,村庄,bd09,
270,121.5585941,39.00784525,1,80,道路,bd09,
271,114.0220838,30.65959527,,30,道路,bd09,
272,103.9802366,30.55618207,1,80,道路,bd09,
273,106.6788564,29.83847851,,18,乡镇,bd09,
274,109.021666,34.48581519,,40,道路,bd09,
275,113.720699,34.7437785,1,80,生活服务,bd09,
276,112.2083882,31.05842927,,14,区县,bd09,
277,106.7074982,26.49302712,,40,道路,bd09,
278,112.6579313,26.82803809,,60,村庄,bd09,
279,102.8840067,25.05190732,,25,乡镇,bd09,
280,103.9802961,36.0034173,,60,生活服务,bd09,
281,114.1373393,33.58740312,1,80,道路,bd09,
282,87.47257999,43.82315205,1,70,道路,bd09,
283,113.1010972,28.22416868,1,80,道路,bd09,
284,119.9804632,31.78557027,,16,区县,bd09,
285,120.3589494,30.27865254,,30,道路,bd09,
286,120.7254867,30.6520901,,18,乡镇,bd09,
287,119.7719063,29.05971373,,40,道路,bd09,
288,118.6210075,31.90976051,,40,道路,bd09,
289,,,,,,,Request Parameter Error:address length too long
290,121.3426173,31.29148535,1,80,道路,bd09,
291,120.6168052,30.08799532,,40,工业园区,bd09,
292,119.0253247,33.48864247,,16,区县,bd09,
293,120.6554186,31.15530545,,25,乡镇,bd09,
294,,,,,,,Request Parameter Error:address length too long
295,118.4932424,31.37975078,,50,生活服务,bd09,
296,120.8290291,27.88452223,1,70,道路,bd09,
297,120.4613436,31.5085804,,75,交叉路口,bd09,
298,108.3570197,22.71693996,1,80,道路,bd09,
299,113.2213484,23.00482282,,60,工业园区,bd09,
300,,,,,,,Request Parameter Error:address length too long
301,112.9867598,22.61308348,,50,UNKNOWN,bd09,
302,113.8730938,22.98971149,,50,道路,bd09,
303,113.469111,22.68655411,1,80,道路,bd09,
304,114.4615828,22.98219038,1,80,UNKNOWN,bd09,
305,113.8108063,22.67568602,,30,村庄,bd09,
306,114.8772804,25.87962286,,30,村庄,bd09,
307,,,,,,,Request Parameter Error:address length too long
308,119.2048135,26.13560515,,30,道路,bd09,
309,116.7991693,23.39072337,,20,乡镇,bd09,
310,103.9831124,30.56249774,1,80,道路,bd09,
311,104.0363639,30.62086349,1,80,道路,bd09,
312,114.067849,30.64441307,,18,道路,bd09,
313,113.3108904,23.43988977,1,80,UNKNOWN,bd09,
314,116.6182141,39.74393425,,18,乡镇,bd09,
315,120.3597261,36.27058454,,30,道路,bd09,
316,123.2271477,41.72480296,1,70,道路,bd09,
317,117.2234295,36.79787214,,40,道路,bd09,
318,120.5015112,30.17982376,1,75,道路,bd09,
319,121.2765289,31.30945836,1,80,道路,bd09,
320,118.8396036,31.77888847,1,80,道路,bd09,
321,113.712714,23.17374801,,30,村庄,bd09,
322,113.2049086,23.09634767,1,80,道路,bd09,
323,118.1383899,24.69391848,1,80,工业园区,bd09,
324,114.0657925,22.67263377,1,80,道路,bd09,
325,109.2218945,34.65858017,1,75,道路,bd09,
326,103.9802815,30.56494897,1,80,道路,bd09,
327,114.0421161,30.66977272,,50,工业园区,bd09,
328,113.835476,34.54318791,,40,UNKNOWN,bd09,
329,125.4141524,44.03105497,,40,道路,bd09,
330,125.4141524,44.03105497,,40,道路,bd09,
331,123.5383799,41.74945801,1,80,道路,bd09,
332,123.5728014,41.92014109,1,80,道路,bd09,
333,123.5336046,42.05891412,,14,区县,bd09,
334,123.4595402,41.74254212,,40,道路,bd09,
335,123.314633,41.79966826,,16,区县,bd09,
336,,,,,,,Internal Service Error:无相关结果
337,123.5383799,41.74945801,1,80,道路,bd09,
338,123.5652816,41.74259769,1,80,村庄,bd09,
339,123.5728014,41.92014109,1,80,道路,bd09,
340,123.5652816,41.74259769,1,80,村庄,bd09,
341,123.5336046,42.05891412,,14,区县,bd09,
342,123.5652816,41.74259769,1,80,村庄,bd09,
343,123.4595402,41.74254212,,40,道路,bd09,
344,123.7096636,41.81075153,,30,道路,bd09,
345,123.5383799,41.74945801,1,80,道路,bd09,
346,123.5383799,41.74945801,1,80,道路,bd09,
347,123.5383799,41.74945801,1,80,道路,bd09,
348,123.5383799,41.74945801,1,80,道路,bd09,
349,123.5336046,42.05891412,,14,区县,bd09,
350,123.5383799,41.74945801,1,80,道路,bd09,
351,123.5383799,41.74945801,1,80,道路,bd09,
352,123.7096636,41.81075153,,30,道路,bd09,
353,123.5728014,41.92014109,1,80,道路,bd09,
354,122.3403172,41.83203038,,50,道路,bd09,
355,123.5336046,42.05891412,,14,区县,bd09,
356,123.5336046,42.05891412,,14,区县,bd09,
357,123.5336046,42.05891412,,14,区县,bd09,
358,123.5336046,42.05891412,,14,区县,bd09,
359,126.5908059,45.57276948,1,80,道路,bd09,
360,126.5908059,45.57276948,1,80,道路,bd09,
361,126.5908059,45.57276948,1,80,道路,bd09,
362,121.7020862,39.28567668,1,80,UNKNOWN,bd09,
363,121.7020862,39.28567668,1,80,UNKNOWN,bd09,
364,123.5830816,41.92965081,1,80,道路,bd09,
365,116.2739977,39.46231194,,30,道路,bd09,
366,116.8388922,36.80690151,1,80,生活服务,bd09,
367,116.7693875,36.78994481,,14,区县,bd09,
368,116.7693875,36.78994481,,14,区县,bd09,
369,116.8343686,39.56060876,1,80,UNKNOWN,bd09,
370,117.8323933,39.33695643,,14,区县,bd09,
371,117.8323933,39.33695643,,14,区县,bd09,
372,115.9705578,39.39591429,,25,地产小区,bd09,
373,114.9194774,40.75734123,1,80,UNKNOWN,bd09,
374,116.8125992,39.5730638,,30,道路,bd09,
375,116.8125992,39.5730638,,30,道路,bd09,
376,116.8343686,39.56060876,1,80,UNKNOWN,bd09,
377,116.8343686,39.56060876,1,80,UNKNOWN,bd09,
378,116.811717,36.82917998,,25,道路,bd09,
379,116.5711568,39.76916351,1,80,UNKNOWN,bd09,
380,116.2739977,39.46231194,,30,道路,bd09,
381,116.30542,39.44448486,,16,区县,bd09,
382,116.30542,39.44448486,,16,区县,bd09,
383,116.30542,39.44448486,,16,区县,bd09,
384,116.6143957,39.76468518,,30,村庄,bd09,
385,116.5568652,39.81609784,1,80,道路,bd09,
386,116.9491928,40.1562043,,18,乡镇,bd09,
387,116.7260916,39.85208868,,75,交叉路口,bd09,
388,116.6720913,39.77817823,,30,道路,bd09,
389,116.786498,39.68452607,,80,教育,bd09,
390,117.7654622,39.01718591,1,80,道路,bd09,
391,117.7654622,39.01718591,1,80,道路,bd09,
392,118.1685413,39.83835343,,14,区县,bd09,
393,112.6838159,37.69981794,,50,工业园区,bd09,
394,116.5639541,40.23775745,1,80,UNKNOWN,bd09,
395,116.9245914,40.08325089,1,80,UNKNOWN,bd09,
396,117.8323933,39.33695643,,14,区县,bd09,
397,116.9591105,40.0808603,,30,村庄,bd09,
398,116.7270006,40.2216152,,18,乡镇,bd09,
399,116.7270006,40.2216152,,18,乡镇,bd09,
400,112.5723962,37.74232253,,16,区县,bd09,
401,112.5723962,37.74232253,,16,区县,bd09,
402,114.3571641,38.08851872,,30,道路,bd09,
403,116.7715947,40.09659605,,60,工业园区,bd09,
404,116.7715947,40.09659605,,60,工业园区,bd09,
405,111.4820505,36.02496073,1,80,生活服务,bd09,
406,116.9245914,40.08325089,1,80,UNKNOWN,bd09,
407,116.8364167,40.15827306,,30,商圈,bd09,
408,111.7659114,40.75218993,,25,乡镇,bd09,
409,116.9245914,40.08325089,1,80,UNKNOWN,bd09,
410,116.9245914,40.08325089,1,80,UNKNOWN,bd09,
411,116.8367578,40.11731598,,30,村庄,bd09,
412,116.7270006,40.2216152,,18,乡镇,bd09,
413,116.8388922,36.80690151,1,80,生活服务,bd09,
414,116.8388922,36.80690151,1,80,生活服务,bd09,
415,117.2917657,37.10526409,,30,村庄,bd09,
416,120.1056453,36.16758833,,30,道路,bd09,
417,116.811717,36.82917998,,25,道路,bd09,
418,116.811717,36.82917998,,25,道路,bd09,
419,117.8323933,39.33695643,,14,区县,bd09,
420,116.8262138,39.5627647,1,80,UNKNOWN,bd09,
421,116.8343686,39.56060876,1,80,UNKNOWN,bd09,
422,116.8262138,39.5627647,1,80,UNKNOWN,bd09,
423,116.8343686,39.56060876,1,80,UNKNOWN,bd09,
424,116.3568809,39.42634019,,40,道路,bd09,
425,116.5722068,40.22996153,,30,村庄,bd09,
426,116.3568809,39.42634019,,40,道路,bd09,
427,116.2739977,39.46231194,,30,道路,bd09,
428,116.8262138,39.5627647,1,80,UNKNOWN,bd09,
429,116.8262138,39.5627647,1,80,UNKNOWN,bd09,
430,116.2739977,39.46231194,,30,道路,bd09,
431,116.6920408,39.60143428,1,80,道路,bd09,
432,116.3568809,39.42634019,,40,道路,bd09,
433,116.6920408,39.60143428,1,80,道路,bd09,
434,116.6920408,39.60143428,1,80,道路,bd09,
435,116.6920408,39.60143428,1,80,道路,bd09,
436,116.7622373,35.58598426,,50,UNKNOWN,bd09,
437,116.7693875,36.78994481,,14,区县,bd09,
438,117.0919058,36.83470264,,25,乡镇,bd09,
439,117.1187538,36.84181212,,25,乡镇,bd09,
440,117.1187538,36.84181212,,25,乡镇,bd09,
441,111.7659114,40.75218993,,25,乡镇,bd09,
442,116.9245914,40.08325089,1,80,UNKNOWN,bd09,
443,116.8319547,40.11833227,,75,教育,bd09,
444,116.8319547,40.11833227,,75,教育,bd09,
445,116.5639541,40.23775745,1,80,UNKNOWN,bd09,
446,116.5595421,40.16736886,,25,道路,bd09,
447,117.3590961,39.25178855,,25,乡镇,bd09,
448,117.8323933,39.33695643,,14,区县,bd09,
449,117.8323933,39.33695643,,14,区县,bd09,
450,116.6193493,39.76458802,,30,道路,bd09,
451,116.8388922,36.80690151,1,80,生活服务,bd09,
452,116.5064592,39.75413126,,40,道路,bd09,
453,116.5064592,39.75413126,,40,道路,bd09,
454,116.3314267,39.67272297,,25,道路,bd09,
455,113.4169676,40.03859625,,50,工业园区,bd09,
456,115.9705578,39.39591429,,25,地产小区,bd09,
457,117.3166007,39.72319448,,14,区县,bd09,
458,120.4822514,31.63725465,,40,道路,bd09,
459,120.4822514,31.63725465,,40,道路,bd09,
460,120.4822514,31.63725465,,40,道路,bd09,
461,118.3383502,33.95889584,,30,道路,bd09,
462,118.3383502,33.95889584,,30,道路,bd09,
463,118.3383502,33.95889584,,30,道路,bd09,
464,118.8024217,32.06465289,,12,城市,bd09,
465,120.4863827,31.63891189,,50,生活服务,bd09,
466,119.883171,32.52357383,1,80,道路,bd09,
467,121.092088,31.49015838,1,80,道路,bd09,
468,117.3030535,31.99704116,,40,道路,bd09,
469,120.5235197,31.36647593,,30,道路,bd09,
470,121.0212069,31.43047792,,30,道路,bd09,
471,120.5235197,31.36647593,,30,道路,bd09,
472,120.5235197,31.36647593,,30,道路,bd09,
473,117.3030535,31.99704116,,40,道路,bd09,
474,121.7870532,29.92040855,,55,道路,bd09,
475,120.8376892,32.08851,,40,道路,bd09,
476,121.1106842,31.21448855,1,80,道路,bd09,
477,121.1975822,31.42349768,1,80,道路,bd09,
478,121.1975551,31.42405898,1,80,道路,bd09,
479,121.1475546,31.19975823,,50,道路,bd09,
480,121.1475546,31.19975823,1,80,道路,bd09,
481,121.0948215,31.15703025,1,80,道路,bd09,
482,121.0948215,31.15703025,1,80,道路,bd09,
483,121.1106842,31.21448855,1,80,道路,bd09,
484,121.1106842,31.21448855,1,80,道路,bd09,
485,121.1106842,31.21448855,1,80,道路,bd09,
486,121.1475546,31.19975823,,50,道路,bd09,
487,121.8943544,30.88355786,1,80,UNKNOWN,bd09,
488,121.7870532,29.92040855,,55,道路,bd09,
489,120.9853319,31.83946701,,30,道路,bd09,
490,120.9853319,31.83946701,,30,道路,bd09,
491,120.9853319,31.83946701,,30,道路,bd09,
492,118.7991923,31.77231036,1,80,道路,bd09,
493,118.869828,31.75441594,,60,UNKNOWN,bd09,
494,118.8024217,32.06465289,,12,城市,bd09,
495,120.8376892,32.08851,,40,道路,bd09,
496,121.2131292,31.62649987,1,80,道路,bd09,
497,121.0351942,31.43457041,,30,UNKNOWN,bd09,
498,121.0759901,31.41663109,,75,交叉路口,bd09,
499,121.0723518,31.31346052,,50,道路,bd09,
500,121.0759901,31.41663109,,75,交叉路口,bd09,
501,121.0723518,31.31346052,,50,道路,bd09,
502,121.2131292,31.62649987,1,80,道路,bd09,
503,121.0759901,31.41663109,,75,交叉路口,bd09,
504,121.0723518,31.31346052,,50,道路,bd09,
505,121.0759901,31.41663109,,75,交叉路口,bd09,
506,121.0351942,31.43457041,,30,UNKNOWN,bd09,
507,121.020318,31.23661133,,25,道路,bd09,
508,121.1278242,31.31751603,,40,道路,bd09,
509,121.020318,31.23661133,,25,道路,bd09,
510,121.1278242,31.31751603,,40,道路,bd09,
511,121.0105333,31.31602482,,75,交叉路口,bd09,
512,121.0351942,31.43457041,,30,UNKNOWN,bd09,
513,121.1102634,31.31934322,,40,道路,bd09,
514,121.0105333,31.31602482,,75,交叉路口,bd09,
515,121.0847114,31.33112845,,50,道路,bd09,
516,121.1102634,31.31934322,,40,道路,bd09,
517,121.092088,31.49015838,1,80,道路,bd09,
518,120.9873142,31.33381914,1,80,道路,bd09,
519,121.020318,31.23661133,,25,道路,bd09,
520,121.020318,31.23661133,,25,道路,bd09,
521,121.020318,31.23661133,,25,道路,bd09,
522,121.0847114,31.33112845,,50,道路,bd09,
523,121.1102634,31.31934322,,40,道路,bd09,
524,121.020318,31.23661133,,25,道路,bd09,
525,121.092088,31.49015838,1,80,道路,bd09,
526,121.020318,31.23661133,,25,道路,bd09,
527,121.0723518,31.31346052,,50,道路,bd09,
528,120.9874525,31.39086343,,16,区县,bd09,
529,121.020318,31.23661133,,25,道路,bd09,
530,120.7254867,30.6520901,,18,乡镇,bd09,
531,121.197508,31.42403017,1,80,道路,bd09,
532,121.2026534,31.43023734,1,80,道路,bd09,
533,121.197508,31.42403017,1,80,道路,bd09,
534,121.020318,31.23661133,,25,道路,bd09,
535,121.197508,31.42403017,1,80,道路,bd09,
536,121.197508,31.42403017,1,80,道路,bd09,
537,121.197508,31.42403017,1,80,道路,bd09,
538,121.197508,31.42403017,1,80,道路,bd09,
539,120.6239779,30.2832781,,50,道路,bd09,
540,120.6239779,30.2832781,,50,道路,bd09,
541,120.0602764,30.09190463,,50,道路,bd09,
542,120.0602764,30.09190463,,50,道路,bd09,
543,120.5618342,30.33265337,,60,道路,bd09,
544,120.5618342,30.33265337,,60,道路,bd09,
545,120.6239779,30.2832781,,50,道路,bd09,
546,120.5790646,30.28615258,1,80,UNKNOWN,bd09,
547,120.4822514,31.63725465,,40,道路,bd09,
548,120.4822514,31.63725465,,40,道路,bd09,
549,118.2412498,24.68909886,1,80,道路,bd09,
550,112.9742662,23.31147585,,50,道路,bd09,
551,113.0744778,23.16120464,1,80,工业园区,bd09,
552,112.9330896,23.23118739,,50,道路,bd09,
553,112.9330896,23.23118739,,50,道路,bd09,
554,113.6125183,22.97894691,,20,乡镇,bd09,
555,108.2967371,22.75875446,1,80,道路,bd09,
556,114.5024256,22.9030263,1,80,UNKNOWN,bd09,
557,118.1380475,24.70955932,,30,道路,bd09,
558,118.1380475,24.70955932,,30,道路,bd09,
559,118.0395617,24.49032582,,16,区县,bd09,
560,118.1380475,24.70955932,,30,道路,bd09,
561,118.2412498,24.68909886,1,80,道路,bd09,
562,118.7063273,24.78130135,,25,道路,bd09,
563,118.4967336,24.92785612,,60,UNKNOWN,bd09,
564,108.2967371,22.75875446,1,80,道路,bd09,
565,109.4239953,24.40047235,1,75,道路,bd09,
566,113.5212263,23.11875762,1,80,道路,bd09,
567,113.6743137,22.64960995,,40,UNKNOWN,bd09,
568,114.516148,22.95814328,,18,乡镇,bd09,
569,114.5024256,22.9030263,1,80,UNKNOWN,bd09,
570,114.4163634,23.18691227,1,80,道路,bd09,
571,114.5024256,22.9030263,1,80,UNKNOWN,bd09,
572,110.0322735,19.85912487,,20,道路,bd09,
573,113.5649222,23.13636272,,50,生活服务,bd09,
574,113.5136494,23.11735606,1,80,工业园区,bd09,
575,112.9742662,23.31147585,,50,道路,bd09,
576,113.5136494,23.11735606,1,80,工业园区,bd09,
577,113.6743137,22.64960995,,40,UNKNOWN,bd09,
578,113.5136494,23.11735606,1,80,工业园区,bd09,
579,113.5028811,23.38868978,,40,道路,bd09,
580,113.4869042,23.1152738,1,80,工业园区,bd09,
581,113.5212263,23.11875762,1,80,道路,bd09,
582,113.7257035,23.17243919,,30,商圈,bd09,
583,113.5345204,23.08248041,1,80,UNKNOWN,bd09,
584,113.5585368,23.19804821,1,80,道路,bd09,
585,113.5212263,23.11875762,1,80,道路,bd09,
586,113.5136494,23.11735606,1,80,工业园区,bd09,
587,113.5136494,23.11735606,1,80,工业园区,bd09,
588,113.5212263,23.11875762,1,80,道路,bd09,
589,113.5212263,23.11875762,1,80,道路,bd09,
590,113.4869042,23.1152738,1,80,工业园区,bd09,
591,113.5649222,23.13636272,,50,生活服务,bd09,
592,119.6195387,25.91789365,1,75,旅游景点,bd09,
593,113.0127685,23.20939676,1,80,UNKNOWN,bd09,
594,113.0221655,23.21757098,,40,工业园区,bd09,
595,113.0221655,23.21757098,,40,工业园区,bd09,
596,112.9330896,23.23118739,,50,道路,bd09,
597,112.9330896,23.23118739,,50,道路,bd09,
598,112.9330896,23.23118739,,50,道路,bd09,
599,113.0231912,23.2048536,,50,UNKNOWN,bd09,
600,113.0127685,23.20939676,1,80,UNKNOWN,bd09,
601,113.0127685,23.20939676,1,80,UNKNOWN,bd09,
602,112.9742662,23.31147585,,50,道路,bd09,
603,113.0231912,23.2048536,,50,UNKNOWN,bd09,
604,112.9742662,23.31147585,,50,道路,bd09,
605,113.0231912,23.2048536,,50,UNKNOWN,bd09,
606,113.0221655,23.21757098,,40,工业园区,bd09,
607,113.0221655,23.21757098,,40,工业园区,bd09,
608,113.0112434,23.21021025,,50,道路,bd09,
609,113.0231912,23.2048536,,50,UNKNOWN,bd09,
610,113.0231912,23.2048536,,50,UNKNOWN,bd09,
611,113.0231912,23.2048536,,50,UNKNOWN,bd09,
612,113.0744778,23.16120464,1,80,工业园区,bd09,
613,113.0744778,23.16120464,1,80,工业园区,bd09,
614,113.0744778,23.16120464,1,80,工业园区,bd09,
615,113.0744778,23.16120464,1,80,工业园区,bd09,
616,112.9742662,23.31147585,,50,道路,bd09,
617,113.0744778,23.16120464,1,80,工业园区,bd09,
618,113.0744778,23.16120464,1,80,工业园区,bd09,
619,113.6125183,22.97894691,,20,乡镇,bd09,
620,113.5958305,23.07240236,,50,工业园区,bd09,
621,113.5958305,23.07240236,,50,工业园区,bd09,
622,113.9217841,22.96385938,,60,UNKNOWN,bd09,
623,113.5958305,23.07240236,,50,工业园区,bd09,
624,113.6125183,22.97894691,,20,乡镇,bd09,
625,113.5649222,23.13636272,,50,生活服务,bd09,
626,114.0715001,32.94115043,,30,道路,bd09,
627,113.8943761,34.71018811,1,75,生活服务,bd09,
628,113.8943761,34.71018811,1,75,生活服务,bd09,
629,113.8943761,34.71018811,1,75,生活服务,bd09,
630,113.8478043,34.55354578,,40,道路,bd09,
631,113.9824849,34.72501085,,14,区县,bd09,
632,112.8546479,28.31420242,,30,村庄,bd09,
633,112.8546479,28.31420242,,30,村庄,bd09,
634,112.8651729,28.35919211,,70,UNKNOWN,bd09,
635,113.1226943,28.23948425,1,80,UNKNOWN,bd09,
636,112.8546479,28.31420242,,30,村庄,bd09,
637,112.1542989,32.06008601,1,75,UNKNOWN,bd09,
638,114.0660369,30.42996676,1,80,UNKNOWN,bd09,
639,114.056723,30.4558479,1,70,工业园区,bd09,
640,114.056723,30.4558479,1,70,工业园区,bd09,
641,114.5754758,30.71036509,,40,工业园区,bd09,
642,114.5856924,30.74349351,,40,道路,bd09,
643,114.5856924,30.74349351,,40,道路,bd09,
644,114.5754758,30.71036509,,40,工业园区,bd09,
645,114.0354796,30.58811362,,14,区县,bd09,
646,114.5754758,30.71036509,,40,工业园区,bd09,
647,114.5754758,30.71036509,,40,工业园区,bd09,
648,114.5754758,30.71036509,,40,工业园区,bd09,
649,114.8075434,30.84724387,,14,区县,bd09,
650,113.9924926,30.48054268,,25,道路,bd09,
651,114.5856924,30.74349351,,40,道路,bd09,
652,114.5856924,30.74349351,,40,道路,bd09,
653,114.5856924,30.74349351,,40,道路,bd09,
654,114.5754758,30.71036509,,40,工业园区,bd09,
655,114.5856924,30.74349351,,40,道路,bd09,
656,114.056723,30.4558479,1,70,工业园区,bd09,
657,114.0660369,30.42996676,1,80,UNKNOWN,bd09,
658,112.3787924,30.27631667,,30,道路,bd09,
659,115.975755,28.43600273,,30,商圈,bd09,
660,115.9420338,28.44728745,,30,村庄,bd09,
661,112.6645475,26.85817445,,50,UNKNOWN,bd09,
662,114.056723,30.4558479,1,70,工业园区,bd09,
663,114.056723,30.4558479,1,70,工业园区,bd09,
664,114.0518975,30.45077033,,50,UNKNOWN,bd09,
665,114.5754758,30.71036509,,40,工业园区,bd09,
666,114.5856924,30.74349351,,40,道路,bd09,
667,,,,,,,Request Parameter Error:address length too long
668,114.5754758,30.71036509,,40,工业园区,bd09,
669,114.5856924,30.74349351,,40,道路,bd09,
670,114.5856924,30.74349351,,40,道路,bd09,
671,114.5734839,30.66952965,,80,工业园区,bd09,
672,,,,,,,Request Parameter Error:address length too long
673,114.5754758,30.71036509,,40,工业园区,bd09,
674,114.5754758,30.71036509,,40,工业园区,bd09,
675,109.0548103,34.49286561,,60,工业园区,bd09,
676,109.0795244,34.29651106,,30,道路,bd09,
677,109.073775,34.51376243,,16,区县,bd09,
678,106.2569292,38.35249805,,75,交叉路口,bd09,
679,109.0221684,34.4828674,,40,道路,bd09,
680,109.0221684,34.4828674,,40,道路,bd09,
681,109.073775,34.51376243,,16,区县,bd09,
682,109.073775,34.51376243,,16,区县,bd09,
683,109.073775,34.51376243,,16,区县,bd09,
684,109.0565659,34.49967299,,40,道路,bd09,
685,109.073775,34.51376243,,16,区县,bd09,
686,109.0943869,34.54109311,,16,区县,bd09,
687,109.0795244,34.29651106,,30,道路,bd09,
688,109.0221684,34.4828674,,40,道路,bd09,
689,109.0565659,34.49967299,,40,道路,bd09,
690,109.0221684,34.4828674,,40,道路,bd09,
691,109.0565659,34.49967299,,40,道路,bd09,
692,101.5057768,36.66146669,,18,乡镇,bd09,
693,109.073775,34.51376243,,16,区县,bd09,
694,109.073775,34.51376243,,16,区县,bd09,
695,109.0565659,34.49967299,,40,道路,bd09,
696,109.0565659,34.49967299,,40,道路,bd09,
697,87.5051791,43.91077647,1,80,道路,bd09,
698,103.5967455,36.19205377,1,80,收费区/收费站,bd09,
699,103.5039752,36.14775141,1,80,UNKNOWN,bd09,
700,107.3406126,33.16239939,,14,区县,bd09,
701,109.0884173,34.3864454,,75,交叉路口,bd09,
702,109.0795244,34.29651106,,30,道路,bd09,
703,87.5051791,43.91077647,1,80,道路,bd09,
704,104.2743139,30.95080369,,18,乡镇,bd09,
705,106.5558785,26.58768756,1,80,工业园区,bd09,
706,106.5558785,26.58768756,1,80,工业园区,bd09,
707,103.830248,30.6748109,,80,UNKNOWN,bd09,
708,104.1386021,30.80826941,,25,道路,bd09,
709,104.2743139,30.95080369,,18,乡镇,bd09,
710,104.2743139,30.95080369,,18,乡镇,bd09,
711,104.2743139,30.95080369,,18,乡镇,bd09,
712,104.2743139,30.95080369,,18,乡镇,bd09,
713,104.2743139,30.95080369,,18,乡镇,bd09,
714,104.2743139,30.95080369,,18,乡镇,bd09,
715,104.2866205,30.82400849,,20,乡镇,bd09,
716,106.1255405,30.78725493,,14,区县,bd09,
717,102.9107211,24.95790788,1,75,政府机构,bd09,
718,102.9107211,24.95790788,1,75,政府机构,bd09,
719,104.2039014,30.52434835,,30,道路,bd09,
720,104.2039014,30.52434835,,30,道路,bd09,
721,103.825587,30.86531922,,50,生活服务,bd09,
722,104.304472,30.84761088,1,80,UNKNOWN,bd09,
723,104.304472,30.84761088,1,80,UNKNOWN,bd09,
724,106.5558785,26.58768756,1,80,工业园区,bd09,
725,103.830248,30.6748109,,80,UNKNOWN,bd09,
726,90.96760853,29.71910699,,18,地产小区,bd09,
727,100.3118988,25.61026179,,20,道路,bd09,
728,102.9107211,24.95790788,1,75,政府机构,bd09,
729,104.152543,30.79784311,1,80,UNKNOWN,bd09,
730,103.825587,30.86531922,,50,生活服务,bd09,
731,104.1740735,30.83415412,,25,乡镇,bd09,
732,104.1297056,30.80960545,1,80,工业园区,bd09,
733,104.1297056,30.80960545,1,80,工业园区,bd09,
734,104.2039014,30.52434835,,30,道路,bd09,
735,106.5558785,26.58768756,1,80,工业园区,bd09,
736,106.650176,29.34163106,1,80,生活服务,bd09,
737,106.6599262,29.34938751,,40,商圈,bd09,
738,103.830248,30.6748109,,80,UNKNOWN,bd09,
739,104.1270447,30.80052107,,80,道路,bd09,
740,104.2039014,30.52434835,,30,道路,bd09,
741,104.2866205,30.82400849,,20,乡镇,bd09,
742,104.2743139,30.95080369,,18,乡镇,bd09,
743,106.650176,29.34163106,1,80,生活服务,bd09,
744,106.650176,29.34163106,1,80,生活服务,bd09,
745,106.650176,29.34163106,1,80,生活服务,bd09,
746,106.650176,29.34163106,1,80,生活服务,bd09,
747,123.5652816,41.74259769,1,80,村庄,bd09,
748,125.4141524,44.03105497,,40,道路,bd09,
749,121.6271576,39.03655792,1,80,道路,bd09,
750,126.5908059,45.57276948,1,80,道路,bd09,
751,126.5908059,45.57276948,1,80,道路,bd09,
752,117.2228475,36.66342058,,30,UNKNOWN,bd09,
753,120.1056453,36.16758833,,30,道路,bd09,
754,114.3571641,38.08851872,,30,道路,bd09,
755,112.6028318,37.74058251,,40,道路,bd09,
756,114.4963887,36.58669219,,16,区县,bd09,
757,116.8337305,35.58617975,,30,道路,bd09,
758,116.6785761,39.65103713,1,80,UNKNOWN,bd09,
759,116.638702,39.97925605,,30,村庄,bd09,
760,118.9973641,36.72470994,,50,生活服务,bd09,
761,111.7659114,40.75218993,,25,乡镇,bd09,
762,117.1669932,39.20727883,1,80,道路,bd09,
763,118.869828,31.75441594,,60,UNKNOWN,bd09,
764,120.4135701,30.16595487,1,70,道路,bd09,
765,118.374927,33.95806404,1,80,生活服务,bd09,
766,117.3030535,31.99704116,,40,道路,bd09,
767,120.981959,31.88075079,,25,道路,bd09,
768,121.2783135,31.55974682,1,80,生活服务,bd09,
769,121.4458617,29.75965488,,75,工业园区,bd09,
770,121.7562381,30.91593666,1,80,道路,bd09,
771,119.5803318,29.07857514,1,80,UNKNOWN,bd09,
772,120.4430591,31.53303866,,50,工业园区,bd09,
773,120.5826422,27.77735663,,30,村庄,bd09,
774,113.3700991,22.69458904,,40,UNKNOWN,bd09,
775,108.4930357,22.92008713,1,70,地产小区,bd09,
776,116.7278589,23.42857029,,60,生活服务,bd09,
777,118.1405157,24.7093301,1,80,道路,bd09,
778,113.5614828,23.10672047,1,80,道路,bd09,
779,110.9179233,21.63289419,,50,道路,bd09,
780,119.2048135,26.13560515,,30,道路,bd09,
781,110.0322735,19.85912487,,20,道路,bd09,
782,114.5024256,22.9030263,1,80,UNKNOWN,bd09,
783,109.4073211,24.38263766,,80,UNKNOWN,bd09,
784,113.0247757,22.85528581,,80,长途汽车站,bd09,
785,113.6004265,22.86582338,,40,UNKNOWN,bd09,
786,113.8943761,34.71018811,1,75,生活服务,bd09,
787,114.0697889,33.03273143,,75,交叉路口,bd09,
788,112.4147713,34.59216344,1,80,道路,bd09,
789,114.0663825,30.63557679,1,75,道路,bd09,
790,112.1542989,32.06008601,1,75,UNKNOWN,bd09,
791,114.1994047,35.61710513,,30,道路,bd09,
792,114.8638459,25.8727797,,30,村庄,bd09,
793,116.0075349,29.71134056,,10,城市,bd09,
794,112.3843901,30.32825526,,50,道路,bd09,
795,113.1337116,28.23961423,,40,道路,bd09,
796,112.4715323,26.87013674,,60,工业园区,bd09,
797,115.975755,28.43600273,,30,商圈,bd09,
798,114.6921668,30.52719615,,30,村庄,bd09,
799,111.5399681,29.07398889,,18,乡镇,bd09,
800,108.6926023,34.420188,,30,村庄,bd09,
801,87.46149337,43.83963737,,50,道路,bd09,
802,108.8309854,34.19068128,1,80,道路,bd09,
803,,,,,,,Request Parameter Error:address length too long
804,103.5039752,36.14775141,1,80,UNKNOWN,bd09,
805,107.451361,34.35577095,,30,UNKNOWN,bd09,
806,104.5994663,31.51444761,,20,乡镇,bd09,
807,104.8174516,29.33934287,1,80,道路,bd09,
808,104.2039014,30.52434835,,30,道路,bd09,
809,106.650176,29.34163106,1,80,生活服务,bd09,
810,102.8274726,24.89187121,,16,区县,bd09,
811,106.5594501,26.59395101,,80,政府机构,bd09,
812,91.12082392,29.65004027,,10,城市,bd09,
813,106.171718,30.8409192,,30,道路,bd09,
814,104.1297056,30.80960545,1,80,工业园区,bd09,
815,103.8018337,30.08031431,1,80,道路,bd09,
816,107.5034802,31.14242665,1,80,生活服务,bd09,
817,123.2390644,41.87567738,,50,道路,bd09,
818,117.2443089,39.38608518,1,80,道路,bd09,
819,121.2800312,31.55663354,1,80,道路,bd09,
820,112.8506666,23.07248099,,30,商圈,bd09,
821,114.031832,30.67202057,,75,交叉路口,bd09,
822,108.6926023,34.420188,,30,村庄,bd09,
823,112.1129771,26.46453181,1,80,UNKNOWN,bd09,
824,104.2575125,30.88442137,,16,区县,bd09,
825,108.9534012,34.29914811,,16,区县,bd09,
826,116.5917072,39.77244615,,40,道路,bd09,
827,116.5917072,39.77244615,,40,道路,bd09,
828,123.4657684,41.96070023,,60,道路,bd09,
829,123.5336046,42.05891412,,14,区县,bd09,
830,121.3432222,31.29011586,,40,道路,bd09,
831,121.3432222,31.29011586,,40,道路,bd09,
832,118.8388229,31.77101159,1,80,道路,bd09,
833,120.364314,30.30504125,,30,道路,bd09,
834,113.7366345,23.2094752,,16,道路,bd09,
835,116.5399668,39.80718994,,80,UNKNOWN,bd09,
836,114.5754758,30.71036509,,40,工业园区,bd09,
837,117.2788476,31.95011323,1,80,道路,bd09,
838,117.4081403,31.83839851,,25,乡镇,bd09,
839,117.1473593,31.86332134,,40,道路,bd09,
840,117.1473593,31.86332134,,40,道路,bd09,
841,116.6076604,40.13642626,,50,道路,bd09,
842,116.5518501,39.7585506,,18,乡镇,bd09,
843,119.527499,26.08982099,1,80,道路,bd09,
844,118.5011562,24.81946562,,18,乡镇,bd09,
845,118.4641422,24.80252917,,50,工业园区,bd09,
846,118.012344,24.58541006,1,80,生活服务,bd09,
847,,,,,,,Request Parameter Error:address length too long
848,,,,,,,Internal Service Error:无相关结果
849,103.7674226,36.05917083,1,80,道路,bd09,
850,113.2255355,23.00092516,,30,村庄,bd09,
851,113.1458096,23.24247135,,50,工业园区,bd09,
852,113.5519355,22.70548299,1,80,道路,bd09,
853,113.7061813,23.18168103,,50,生活服务,bd09,
854,113.4110111,22.96415421,,50,UNKNOWN,bd09,
855,113.9903933,22.70373677,1,75,工业园区,bd09,
856,113.9555192,22.79342282,1,80,UNKNOWN,bd09,
857,113.9764964,22.7090683,1,80,道路,bd09,
858,108.2464808,22.80636313,,80,工业园区,bd09,
859,108.2794944,22.78704575,,14,区县,bd09,
860,106.6832751,26.71221422,,30,UNKNOWN,bd09,
861,114.4041289,38.10101898,,75,交叉路口,bd09,
862,113.8526866,34.79729592,,50,工业园区,bd09,
863,113.8722492,34.70493638,,30,道路,bd09,
864,126.7633434,45.71405769,1,75,道路,bd09,
865,,,,,,,Internal Service Error:无相关结果
866,126.7633457,45.71387046,1,75,道路,bd09,
867,114.105768,30.63780477,1,70,工业园区,bd09,
868,113.0464711,28.09312997,1,80,生活服务,bd09,
869,,,,,,,Request Parameter Error:address length too long
870,125.4350134,44.0393978,,50,道路,bd09,
871,125.4917119,43.95689236,1,80,UNKNOWN,bd09,
872,118.8366056,31.77883585,1,80,道路,bd09,
873,118.7991923,31.77231036,1,80,道路,bd09,
874,121.1449031,31.47885291,1,80,道路,bd09,
875,120.8163401,31.58166683,1,80,道路,bd09,
876,120.6913086,31.36142741,,80,道路,bd09,
877,120.475998,31.44491847,1,80,道路,bd09,
878,120.4309958,31.58170569,1,80,生活服务,bd09,
879,115.884859,28.80705301,,50,道路,bd09,
880,115.8699323,28.79569671,1,80,商务大厦,bd09,
881,,,,,,,Internal Service Error:无相关结果
882,121.6869643,39.08454509,1,80,道路,bd09,
883,121.6869643,39.08454509,1,80,道路,bd09,
884,121.5703439,39.04075302,1,80,道路,bd09,
885,123.2097898,41.7469237,,50,道路,bd09,
886,122.1889455,40.65634275,1,80,UNKNOWN,bd09,
887,111.8757885,41.01169144,,16,乡镇,bd09,
888,117.2022606,36.80235601,,75,交叉路口,bd09,
889,120.1935575,36.00809837,1,80,道路,bd09,
890,120.3493686,36.27473172,1,80,道路,bd09,
891,112.6028318,37.74058251,,40,道路,bd09,
892,108.8485772,34.37093637,1,80,UNKNOWN,bd09,
893,108.9692793,34.26545348,1,80,购物,bd09,
894,121.2312718,31.28015413,1,80,工业园区,bd09,
895,121.1603465,31.00322449,1,80,道路,bd09,
896,121.2533421,31.08716077,1,80,道路,bd09,
897,121.054987,30.88607982,1,80,道路,bd09,
898,121.2302236,31.19874631,1,80,道路,bd09,
899,120.9873142,31.33381914,1,80,道路,bd09,
900,121.070098,30.99977186,1,80,道路,bd09,
901,104.2376283,30.5506678,,40,道路,bd09,
902,117.3807326,39.15956429,1,80,道路,bd09,
903,117.0167549,39.441876,,30,道路,bd09,
904,117.7675047,39.01639507,1,80,道路,bd09,
905,117.3084015,39.04662196,1,80,工业园区,bd09,
906,116.9504942,39.0827322,,18,乡镇,bd09,
907,87.6026742,43.96529797,1,80,道路,bd09,
908,87.6026742,43.96529797,1,80,道路,bd09,
909,102.72433,24.97428699,1,80,UNKNOWN,bd09,
910,120.3796245,30.2452959,1,80,道路,bd09,
911,120.3719116,30.30789609,1,80,工业园区,bd09,
912,120.3776734,30.34356453,1,80,UNKNOWN,bd09,
913,120.6143561,30.2866961,,40,道路,bd09,
914,120.7754757,30.75518547,,30,道路,bd09,
915,121.0445917,30.74365972,,50,道路,bd09,
916,119.8492914,29.2228806,,25,乡镇,bd09,
917,119.8492914,29.2228806,,25,乡镇,bd09,
918,121.4427736,29.96845344,,60,道路,bd09,
919,121.7894898,29.91732105,1,80,UNKNOWN,bd09,
920,121.7894898,29.91732105,,50,UNKNOWN,bd09,
921,121.7894898,29.91732105,,50,UNKNOWN,bd09,
922,121.474496,28.64092062,,60,道路,bd09,
923,120.5461166,28.10103387,1,80,道路,bd09,
924,106.6486396,29.75136994,1,80,UNKNOWN,bd09,